type_id, file_size
18,72521
20,71887
21,58687
22,60869
34,73201
35,74033
36,73562
37,73639
38,73700
39,74224
40,74320
41,68689
42,67786
43,72037
44,72871
45,59778
178,69554
179,69474
180,69361
181,70546
182,70158
183,71228
184,71267
185,71731
186,69639
187,69884
188,69753
189,70162
190,70137
191,70845
192,70805
193,71058
194,69151
195,69413
196,69192
197,70233
198,70863
199,72067
200,71947
201,71930
202,71401
203,71573
204,71348
205,71453
206,70273
207,70360
208,70256
209,70617
210,70281
211,70048
212,70130
213,70019
215,69039
216,69024
217,69241
218,69200
219,69193
220,69378
221,69253
222,70783
223,69987
224,69319
225,69602
226,69822
227,69806
228,69437
229,69075
230,70375
231,69214
232,68846
233,69326
234,68607
235,69564
236,69360
237,69082
238,71353
239,69557
240,69472
241,69189
242,69571
243,68712
244,69463
245,69705
246,70796
247,70272
248,69636
249,68702
250,70332
251,69686
252,70420
253,69748
254,70993
255,70078
256,69316
257,69310
258,70465
259,68641
260,70434
261,70510
262,71473
263,70019
264,69831
265,69724
266,69170
267,70667
269,68684
377,71176
380,72676
393,65373
394,72086
399,71025
400,72555
434,71724
438,74297
439,72111
440,73934
442,70236
443,54579
444,70378
447,70963
448,74550
450,55268
451,59272
452,64605
453,48800
454,45618
455,44865
456,43332
459,41157
482,72648
483,70545
484,70894
485,70923
486,71698
487,71012
488,71245
489,55088
490,65374
491,70336
492,64280
493,65136
499,71157
501,68240
503,41810
519,73950
520,71478
523,70771
524,65590
526,71180
527,73056
529,44659
530,66105
533,65886
561,61978
562,62751
563,61044
564,68751
565,68316
566,45430
568,43889
570,54495
577,57959
578,72591
580,41487
581,48959
582,56500
583,71930
584,68361
585,72550
586,72399
587,73015
588,69793
589,71217
590,55730
591,68017
592,61956
593,72552
594,71834
596,55677
597,70958
598,72207
599,72553
601,65828
602,72052
603,71656
605,71813
606,65106
607,71686
608,71962
609,63645
620,61452
621,74583
622,74614
623,70860
624,70610
625,62508
626,74749
627,73400
628,69665
629,74639
630,70454
631,71597
632,66723
633,47071
634,69280
638,71783
639,69613
640,42829
641,66950
642,46521
643,63791
644,73178
645,74352
648,65816
649,72106
650,71303
651,70504
652,73696
653,72417
654,70942
655,71656
656,72710
657,73250
672,71100
689,57017
690,57999
691,67884
692,44978
803,44731
804,47878
805,43158
806,42456
807,48508
808,50260
809,48526
810,53862
811,55850
813,58427
814,61551
819,52367
820,42383
821,54264
822,42281
823,51291
826,41617
828,42687
879,68759
880,56280
881,61149
882,56582
883,63362
884,65583
885,61201
886,69768
887,48837
888,51271
889,45372
890,55056
891,56391
892,58340
893,59357
894,65132
895,43871
896,47317
897,42642
898,48864
899,51804
900,60539
901,56501
902,63070
945,54432
946,47053
974,48529
975,43189
976,52994
1072,46927
1076,45591
1096,45197
1182,68961
1183,72720
1185,65837
1195,71256
1201,71455
1202,64915
1223,48638
1224,68568
1225,47206
1226,65910
1227,71082
1228,73199
1230,73225
1231,62880
1236,72878
1244,71101
1246,50911
1248,72497
1256,61379
1266,70046
1276,59893
1286,58923
1296,55930
1304,69175
1306,72740
1317,70312
1319,73988
1335,72406
1353,69227
1355,72412
1403,70591
1405,73377
1422,72774
1436,66136
1445,69526
1447,72854
1539,70479
1541,72813
1808,70486
1810,69063
1814,68890
1816,68849
1818,69963
1820,68824
1822,68680
1824,68610
1826,68749
1828,68146
1830,67507
1832,67837
1855,65396
1875,69643
1877,73291
1944,70435
1952,73194
1957,44598
1964,66260
1968,47802
1969,63292
1973,69778
1977,71385
1978,72966
1986,49273
1987,71789
1998,70376
1999,73052
2006,68721
2018,57121
2024,72924
2032,73564
2038,72229
2046,71104
2047,45968
2048,74273
2050,57318
2082,71729
2104,44590
2108,56046
2109,64652
2117,61337
2161,62118
2173,71263
2175,72811
2183,71960
2185,73377
2193,71447
2195,69847
2203,70865
2204,47265
2205,73516
2254,69811
2267,48384
2268,44148
2270,42817
2272,48361
2281,75402
2289,65808
2291,64911
2293,69604
2295,68465
2297,73473
2299,73413
2301,73764
2303,73687
2317,45137
2319,54322
2328,56139
2329,50396
2331,70602
2333,72402
2341,56947
2348,41452
2351,46828
2352,41524
2355,42940
2363,62267
2364,72951
2389,65505
2390,66746
2392,47200
2393,65623
2395,53293
2396,64524
2397,47436
2398,70717
2399,68788
2400,69986
2401,64294
2403,71326
2404,72963
2406,72330
2410,73428
2420,73337
2436,62750
2444,71777
2446,74046
2454,72004
2455,50919
2456,74628
2463,65384
2464,70714
2466,72830
2476,71651
2478,73294
2486,71215
2487,58425
2488,74258
2495,71696
2505,71713
2506,70743
2508,70617
2510,70791
2512,69621
2514,69150
2516,69104
2524,71531
2525,68575
2529,67109
2531,71203
2533,69403
2534,70990
2537,68482
2539,72627
2545,58108
2547,71644
2549,70601
2550,70093
2551,69945
2553,72848
2559,63277
2563,63430
2567,70933
2571,63610
2575,65023
2589,71967
2603,70604
2605,73979
2613,70287
2621,67892
2629,71669
2637,52101
2647,56154
2655,60667
2679,70983
2801,45718
2811,52802
2817,70527
2865,54241
2867,64308
2869,50567
2870,66654
2871,58595
2872,61049
2873,72420
2875,51194
2876,69964
2881,72899
2889,73252
2897,73626
2905,72522
2913,73898
2921,72262
2929,73544
2937,71754
2953,43586
2961,72314
2969,73152
2977,73098
2993,67986
2998,73268
3001,71832
3009,48886
3017,58517
3025,64965
3033,72236
3041,72475
3057,68052
3065,55932
3074,72373
3082,72218
3090,62786
3098,71090
3106,60652
3130,72663
3138,72562
3146,73391
3162,71362
3170,72640
3178,73251
3184,72328
3186,70230
3242,70653
3244,74765
3256,56560
3265,65187
3293,56345
3296,64026
3297,68812
3300,48127
3301,70800
3302,69913
3303,70549
3304,71288
3305,72013
3306,71196
3307,71027
3308,72278
3309,70564
3310,69539
3311,69406
3312,69001
3315,72310
3316,69573
3317,70882
3318,70221
3319,70091
3320,70807
3321,70761
3322,70241
3323,68546
3324,71868
3325,71071
3326,70636
3328,71018
3329,70172
3330,70794
3331,70954
3332,72024
3333,72267
3334,71734
3335,71413
3336,72525
3337,72583
3338,72016
3339,70486
3340,71757
3341,71501
3342,69987
3343,70357
3348,70949
3349,68411
3350,69237
3351,65360
3352,62600
3354,70430
3355,71015
3356,70570
3357,71112
3358,68508
3359,71861
3361,68519
3363,70395
3368,56757
3373,65052
3380,69674
3385,70555
3386,57276
3387,70707
3388,70721
3389,71217
3392,56833
3393,69086
3394,69406
3395,69032
3396,64018
3397,59947
3398,43833
3402,46946
3403,70395
3405,69824
3406,70769
3408,41513
3409,70641
3410,72205
3411,69677
3412,67184
3413,51393
3416,69863
3417,69922
3418,70666
3419,70323
3420,71447
3421,71093
3422,70327
3423,71150
3424,70473
3425,70048
3426,58728
3427,71199
3428,70120
3429,70909
3430,70683
3431,70006
3432,70685
3433,71564
3434,70600
3435,69866
3436,69857
3437,69509
3438,70913
3439,70848
3440,71844
3441,71583
3442,71911
3443,69853
3444,71038
3446,71301
3447,56956
3449,42985
3450,69668
3451,70876
3452,70011
3453,69745
3454,71398
3455,70354
3456,72355
3467,68091
3488,70160
3496,71145
3504,68932
3512,72447
3520,73400
3528,70410
3530,73273
3538,55839
3540,73035
3551,69112
3552,63697
3554,70798
3566,67871
3568,72695
3578,73200
3581,58913
3588,46222
3598,55247
3608,63491
3643,68970
3645,71407
3647,71873
3651,68073
3653,61432
3655,43283
3673,57329
3683,71669
3685,57201
3687,71873
3689,72529
3691,55528
3693,49058
3699,69137
3705,42528
3709,43222
3713,71976
3715,70230
3717,67085
3719,62838
3723,48487
3725,46241
3756,73392
3766,67614
3767,48684
3777,68923
3779,53125
3810,69314
3812,69813
3814,67366
3828,71698
3829,71624
3830,48480
3831,73354
3839,71463
3841,73885
3887,70898
3888,72667
3893,41667
3894,47242
3895,72522
3898,66965
3962,47355
4025,73815
4027,73950
4051,70787
4246,74138
4247,73391
4250,73459
4254,72484
4258,72879
4260,70826
4262,47398
4264,53082
4266,47493
4274,55066
4276,66547
4278,66119
4280,50048
4282,48028
4284,61429
4286,50859
4288,54376
4290,53648
4302,63056
4306,52948
4308,63764
4310,72426
4312,68749
4316,45952
4345,42998
4349,66154
4358,65227
4383,73725
4385,72845
4391,71559
4393,71577
4395,71776
4397,66493
4399,64785
4403,72560
4405,74026
4409,53971
4411,69884
4435,71083
4471,72067
4477,70731
4529,70063
4531,68677
4533,71050
4535,68830
4569,70905
4571,69050
4573,71636
4575,67512
4609,69997
4611,70899
4613,70714
4615,70843
4787,70175
4829,66276
4831,69417
4833,72063
4835,68926
4871,69993
5007,68497
5009,68862
5011,72611
5013,67757
5047,70901
5049,71049
5051,71397
5053,70759
5087,66283
5089,69906
5091,66357
5093,69629
5137,70693
5141,70369
5175,55487
5177,63688
5179,64005
5181,51321
5215,66509
5217,65192
5219,68427
5221,66762
5239,70533
5245,70387
5279,69885
5281,65348
5282,67148
5299,71400
5301,70096
5302,73327
5319,70108
5320,72193
5321,69306
5322,70502
5339,67684
5340,66438
5342,65238
5361,68653
5363,68444
5365,68978
5399,71190
5403,72212
5405,70626
5439,72914
5443,73425
5445,71045
5493,71429
5533,70707
5599,70625
5631,70553
5647,64262
5649,55627
5683,70446
5693,66153
5697,72339
5719,69359
5721,72361
5723,71711
5743,65220
5745,69846
5747,67042
5755,72367
5757,72425
5759,72473
5839,73831
5849,70153
5865,67792
5867,67000
5869,67382
5871,67743
5933,72030
5945,72895
5955,72796
5971,71907
5973,74038
5975,71186
6001,71993
6003,70955
6005,70449
6073,69920
6131,69298
6135,67953
6159,70623
6160,72520
6173,71467
6176,67926
6296,69399
6325,70894
6437,71259
6439,70003
6441,70034
6443,70006
6485,70126
6527,68728
6569,70008
6631,66050
6633,68199
6635,69714
6637,64438
6671,64153
6673,61315
6675,71034
6677,65486
6715,64904
6717,65763
6719,69496
6721,60765
6757,46277
6759,54679
6761,56701
6805,54521
6807,50864
6809,60313
6811,55766
6859,64054
6861,67890
6863,70586
6865,66543
6919,67575
6921,69765
6923,70429
6925,64811
6959,70517
6961,71011
6963,70993
6965,69448
6999,69489
7001,70151
7003,69479
7005,69317
7043,71979
7045,71733
7047,71659
7049,71874
7085,71262
7087,71613
7123,71844
7125,72428
7127,71694
7131,72312
7167,71340
7169,71538
7171,71500
7173,70823
7247,71172
7249,68081
7251,64575
7253,60315
7287,72076
7289,69222
7291,68647
7293,68334
7327,70043
7329,67669
7331,65156
7333,64804
7367,72562
7369,71193
7371,71195
7373,71202
7407,64884
7409,65665
7411,66957
7413,63473
7447,71818
7449,70246
7451,70410
7453,68560
7487,65784
7489,49123
7491,57968
7493,55122
7535,70998
7537,67509
7539,63892
7541,62944
7579,72355
7581,68914
7583,68370
7585,69552
7619,54904
7663,67337
7665,55440
7667,61290
7669,53836
7703,70407
7705,61762
7707,62423
7709,57318
7743,69670
7745,70452
7747,70962
7749,70833
7783,70971
7785,70526
7787,71671
7789,70377
7827,68923
7829,68814
7831,70390
7997,71838
8001,69457
8007,71249
8023,69942
8025,69151
8027,73838
8089,73315
8091,72604
8101,70978
8103,70305
8105,73965
8113,69828
8115,69032
8117,72891
8133,68959
8135,69399
8175,70255
8177,69896
8225,70921
8263,70775
8295,59475
8297,65717
8335,66977
8337,67507
8419,71023
8427,70854
8433,72738
8517,73916
8521,71707
8529,71757
8531,71250
8535,71267
8537,70853
8579,70521
8583,70162
8585,72270
8635,72259
8639,72382
8641,72304
8748,71165
8759,72371
8785,70943
8787,70689
8789,70926
8815,72087
8817,69761
8819,70409
8821,70120
8863,72829
8865,71126
8867,71997
8869,72249
8903,72442
8905,70671
8907,71033
8909,71423
9071,64015
9073,46667
9091,41272
9093,44908
9127,66446
9129,57382
9131,49533
9133,58144
9135,72588
9137,69497
9139,68180
9141,69159
9207,72401
9209,70549
9211,69948
9213,68662
9247,63129
9249,68154
9251,67084
9253,66414
9287,67432
9289,70228
9291,70197
9293,69728
9327,72076
9329,71882
9331,71304
9333,70772
9367,71587
9369,70297
9371,69980
9377,67507
9411,72774
9413,71347
9415,71314
9417,71773
9451,73011
9453,70043
9455,69869
9457,70720
9491,73350
9493,71607
9495,71337
9497,71215
9521,69836
9556,70055
9568,70729
9580,71286
9582,69255
9608,70241
9622,71496
9632,72839
9646,71418
9660,71512
9668,72575
9670,69056
9678,72160
9680,67583
9728,72514
9734,71540
9744,66738
9762,72178
9772,72476
9784,67450
9800,72316
9808,72402
9826,69642
9828,55636
9830,67000
9832,72719
9834,71446
9836,69281
9838,69559
9840,70037
9842,70707
9844,57534
9848,73106
9850,71332
9852,70658
9899,73974
9941,73960
9942,73962
9943,74033
9944,70527
9950,70861
9956,73790
9957,65229
10039,69615
10040,66759
10155,41701
10190,73525
10208,74960
10209,72315
10212,74996
10213,71509
10216,74979
10217,71546
10221,75017
10222,72479
10225,74607
10226,65713
10228,60474
10246,70994
10250,71527
10629,70618
10631,73329
10678,63422
10680,71977
10688,68060
10690,68921
10692,68347
10694,71483
10836,70298
10838,56724
10842,70959
10850,72728
10858,72539
10866,69880
10868,69891
10870,70109
10872,71200
10874,70506
10876,70651
10878,70317
10880,70925
10882,72092
10884,71919
10886,71921
10888,72106
10998,72143
11014,62322
11082,70001
11083,66020
11084,72025
11105,71625
11129,71200
11130,43054
11132,71424
11133,68237
11134,71311
11172,71987
11174,52613
11176,72910
11178,68490
11182,74348
11184,63637
11186,72192
11188,70015
11190,53080
11192,73209
11194,42716
11196,73081
11198,73753
11200,68797
11202,72631
11207,71784
11219,61593
11229,71748
11239,66574
11249,65599
11259,68149
11267,71708
11269,73513
11277,59855
11279,60239
11283,69527
11285,70934
11287,71157
11289,71655
11293,61281
11295,66628
11297,64581
11299,51085
11301,55592
11303,63870
11305,63005
11309,72663
11311,72192
11317,72508
11319,72538
11325,72742
11327,72516
11341,70693
11343,70384
11349,71612
11351,71379
11355,46108
11365,63275
11370,73941
11371,73647
11377,73017
11379,69494
11381,59125
11387,52684
11393,54901
11395,68757
11399,73556
11400,70586
11433,66334
11441,61931
11442,64164
11443,68979
11444,58601
11445,62575
11446,72860
11447,63690
11448,61599
11449,58302
11450,61731
11451,63381
11452,66806
11453,64016
11454,58121
11455,65230
11475,54313
11476,53457
11478,58659
11481,61788
11482,52506
11483,56863
11484,48592
11486,54167
11489,71611
11496,53593
11529,62920
11530,59434
11531,49368
11534,43969
11536,49628
11538,64617
11539,60230
11540,68138
11541,61295
11542,56741
11545,50275
11549,41049
11551,46124
11553,49626
11554,51192
11555,52702
11556,55744
11557,46967
11558,53892
11561,70326
11563,72910
11566,71659
11569,63116
11572,62427
11574,65265
11577,73876
11578,74271
11579,73453
11584,70346
11640,72856
11642,72583
11644,73336
11646,73672
11648,73519
11688,64947
11689,60622
11691,63099
11957,54782
11961,55952
11963,59719
11965,50094
11978,60192
11985,42735
11987,46213
11989,43795
11993,68105
11999,70991
12003,42512
12005,73034
12019,49506
12023,57216
12032,72906
12034,74131
12038,73159
12042,65470
12044,65708
12052,72182
12054,70131
12056,71293
12058,73941
12066,69072
12068,73266
12076,73634
12084,72323
12092,71950
12093,72703
12095,71999
12096,70708
12098,69672
12102,61784
12179,42556
12180,65300
12181,64000
12182,63721
12183,62508
12184,64478
12185,64602
12186,65314
12187,66290
12188,68802
12189,62855
12190,69042
12191,69233
12192,69136
12193,69523
12194,63551
12195,69587
12196,66829
12198,59613
12199,44553
12201,71645
12202,71759
12203,71137
12204,63195
12205,54441
12206,67860
12207,60248
12208,71855
12209,72095
12210,69796
12211,66494
12212,61334
12213,67643
12214,63458
12215,55058
12237,64720
12238,51412
12239,58159
12259,69396
12267,73330
12271,59031
12274,71130
12304,72399
12305,72058
12344,46929
12346,68103
12365,71728
12366,71661
12367,71480
12441,71090
12442,71764
12478,71780
12484,72471
12485,73433
12486,72672
12487,72306
12528,71997
12529,64875
12530,69842
12531,66789
12538,61447
12541,54824
12548,49615
12557,70814
12559,71423
12563,71788
12565,71881
12608,70432
12612,70855
12614,70526
12618,70275
12620,70011
12625,70650
12631,69843
12633,69565
12709,70035
12729,51962
12731,41486
12733,44659
12735,68422
12743,62741
12745,60904
12747,64414
12761,67193
12765,60727
12767,69236
12771,68639
12773,71708
12775,70717
12777,71555
12779,70693
12785,70238
12787,69339
12789,70813
12791,68913
12801,69635
12803,54490
12805,70293
12807,51194
12814,71950
12816,65853
12818,72066
12820,66993
12822,65543
12824,42297
12826,63764
12828,49831
13001,73532
13003,73373
13119,65449
13216,73026
13224,46931
13225,60596
13237,47356
13240,66830
13243,42147
13244,70118
13249,63693
13250,51156
13252,48498
13256,62540
13257,55626
13258,42531
13259,64927
13260,54444
13261,72287
13263,54405
13267,68519
13278,70714
13279,71817
13283,70357
13284,70578
13285,69396
13286,68958
13287,69879
13856,58938
13969,43297
13974,47037
13978,43203
14001,57563
14047,47833
14072,52920
14074,51818
14084,43359
14130,47689
14136,46398
14272,69120
14274,67316
14276,67959
14278,72250
14280,65250
14282,62872
14284,59596
14286,61925
14292,65695
14295,71791
14296,71962
14297,70594
14298,72266
14299,71214
14343,55965
15331,73356
15466,57042
15479,72095
15508,70746
15510,71721
15587,68045
15588,61737
15589,42090
15590,62274
15592,69352
15593,68892
15596,69173
15597,70036
15598,70830
15599,71827
15600,72602
15601,71262
15602,72478
15604,73944
15605,73087
15607,70761
15608,70590
15609,70806
15610,73286
15611,71183
15612,71674
15613,73799
15614,72844
15615,73693
15625,65617
15626,64796
15628,53059
15630,56232
15631,53311
15646,60481
15656,72565
15660,49084
15661,42757
15669,74399
15671,41174
15681,74771
15729,73480
15739,50353
15753,46770
15757,42039
15766,70924
15806,73936
15810,49603
15887,57484
15891,69327
15895,57404
15965,55508
15992,72020
15996,52511
15997,56893
15998,45166
15999,69653
16000,73083
16002,68409
16008,47941
16069,70508
16118,69309
16119,68880
16189,67158
16216,43572
16221,52072
16227,57896
16229,69816
16231,72303
16233,64605
16236,72312
16238,70306
16240,73074
16242,73291
16243,65641
16263,74017
16272,71784
16273,72278
16274,70998
16275,71858
16278,73395
16281,71185
16297,69981
16299,69611
16301,71745
16303,72782
16305,66371
16307,66856
16309,66435
16311,70954
16313,52267
16315,59476
16317,62753
16321,62087
16323,62045
16325,61603
16327,60516
16329,57448
16331,51707
16333,53954
16335,60227
16337,57876
16339,59611
16341,58157
16343,59803
16345,60973
16347,60011
16349,58358
16351,63904
16353,72348
16355,72369
16357,72321
16359,72216
16361,72446
16363,72457
16365,72374
16367,72432
16369,72467
16371,72396
16373,72413
16375,72439
16377,72414
16379,72395
16381,72460
16383,72418
16385,69854
16387,67829
16389,69986
16391,72460
16393,66579
16395,66564
16397,67288
16399,68609
16401,67988
16403,67507
16405,67291
16407,69124
16409,65948
16411,67459
16413,67080
16415,68291
16417,66862
16419,61164
16421,66244
16423,68289
16425,67068
16427,67969
16429,66725
16431,66438
16433,68497
16435,65725
16439,70676
16441,65519
16443,66781
16447,72601
16449,64552
16451,63936
16455,71035
16457,69183
16467,70653
16469,71966
16475,70663
16477,71411
16481,68094
16483,65103
16485,64498
16487,70703
16489,66260
16491,61430
16493,64603
16495,70605
16497,71669
16499,71191
16505,70460
16507,70055
16513,68581
16515,69367
16517,68786
16519,71435
16521,70402
16523,70124
16525,71132
16527,72636
16529,61393
16531,65247
16533,64315
16535,59554
16537,65985
16591,72231
16594,70278
16595,70818
16596,59674
16597,64921
16598,72253
16622,71504
16631,43011
16670,68120
16671,60807
16672,60646
16673,71393
16678,70718
16679,70872
16680,70722
16681,70545
16682,71407
16683,69030
17136,49209
17178,52416
17181,47409
17182,41035
17184,52017
17185,52402
17186,52203
17187,49907
17190,71423
17192,68380
17194,69834
17196,62020
17199,69578
17213,40967
17214,60942
17215,54941
17218,52087
17219,58486
17220,45126
17222,65073
17223,43988
17230,59182
17254,53434
17317,61367
17366,71626
17367,51415
17368,55764
17440,51973
17441,46827
17444,56962
17445,56621
17448,62443
17449,62354
17452,68966
17453,69469
17455,72816
17456,72458
17459,63521
17460,61029
17463,73176
17464,72654
17470,73470
17471,72870
17476,73782
17478,75010
17480,74498
17482,73943
17526,53453
17559,73819
17619,71533
17621,65413
17624,43047
17634,47239
17636,52405
17703,72227
17709,57287
17713,70118
17715,75087
17718,46238
17720,72531
17722,46236
17732,46909
17736,49487
17738,73136
17740,51165
17765,70557
17772,43998
17812,74095
17814,46970
17815,66322
17816,61339
17841,74265
17843,73325
17867,70837
17868,70678
17887,70590
17888,69254
17889,72771
17893,70363
17894,69611
17895,70055
17897,69690
17912,73848
17918,73886
17922,49970
17924,48396
17926,50635
17928,70430
17930,72815
17932,72935
17938,72031
17940,72083
18025,64810
18046,48789
18048,48279
18050,53829
18052,60735
18056,64252
18058,69127
18060,63476
18062,68746
18066,68503
18068,55773
18590,48691
18592,49314
18594,44003
18598,42868
18600,54250
18602,55772
18604,61056
18606,67029
18608,42367
18610,68799
18612,72254
18614,69890
18616,71938
18618,72396
18624,44026
18635,62683
18639,71325
18655,44229
18660,57159
18670,63559
18682,42302
18692,65096
18710,49272
18831,43302
19009,59507
19015,64256
19023,49727
19029,45130
19173,56826
19179,45886
19181,60503
19183,41630
19187,71213
19191,48953
19198,42514
19200,43267
19207,61113
19208,66344
19211,44028
19215,68052
19225,42848
19237,44585
19241,43102
19245,52344
19247,41233
19282,46330
19286,51261
19295,61011
19325,63761
19339,61517
19349,58255
19400,59352
19404,69723
19405,59563
19406,71288
19407,70980
19416,68718
19417,45805
19419,45487
19421,42821
19500,61777
19660,68058
19687,44708
19689,43035
19719,71616
19739,73378
19744,64363
19759,70537
19760,70626
19761,70683
19766,65258
19767,65853
19806,71903
19810,69939
19812,70081
19814,72712
19921,71099
19922,69282
19923,68009
19925,68348
19927,71624
19929,69202
19931,69027
19935,66622
19937,68169
19939,71620
19942,68094
19944,67844
19946,72019
19948,70093
19950,69855
19952,71394
19970,68797
19972,66107
19974,58638
19976,52956
19978,43499
19986,41697
19992,44952
19994,55723
19996,43436
20066,57583
20114,50957
20115,49855
20116,51700
20125,55028
20138,58424
20171,72023
20172,72096
20185,47868
20189,54773
20209,71624
20210,72260
20211,71667
20212,70698
20213,70497
20306,65544
20307,69220
20308,67800
20312,70883
20314,70880
20315,72717
20342,72993
20345,61288
20347,72304
20349,71593
20351,73061
20353,73924
20409,41404
20410,71149
20411,72744
20412,69626
20413,72187
20414,72690
20415,72408
20416,72690
20417,70664
20418,72923
20419,72705
20420,72117
20421,71379
20423,71914
20424,72450
20425,51822
20494,69589
20495,69862
20514,56275
20526,41973
20528,64917
20532,65041
20533,67890
20701,43040
20753,61137
20755,53348
21010,41677
21059,71990
21071,70942
21096,73821
21587,55732
21588,64225
21589,64329
21590,54543
21592,67917
21593,67663
21594,62065
21595,60083
21596,47859
21603,73411
21610,70843
21611,72217
21638,72146
21640,73333
21667,68149
21668,46850
21718,69800
21740,71589
21789,52950
21790,67901
21791,68211
21802,67331
21803,63576
21815,71097
21841,52487
21853,68341
21855,67250
21857,71572
21867,68536
21894,72615
21896,71956
21898,72184
21902,72044
21904,71490
21906,71745
21910,47825
21912,45770
21914,56461
21918,72111
21922,71654
21924,71979
21926,44814
21928,50670
21931,53863
21935,65528
21937,68922
21939,69334
22043,68438
22113,48438
22114,41980
22175,71666
22177,71697
22229,72538
22242,55413
22291,73945
22444,50759
22456,67963
22534,60305
22535,45504
22536,70553
22542,71604
22544,72304
22546,71639
22548,73045
22551,72893
22552,68258
22553,42159
22555,54980
22557,61318
22559,58473
22576,69181
22578,71147
22611,44972
22761,71422
22778,69437
22782,69668
22806,71542
22807,71525
22808,71555
22809,71229
22961,70976
22977,69149
22993,56747
23009,71861
23015,44715
23019,45416
23023,52361
23025,71774
23039,46724
23061,43950
23069,66408
23071,72845
23073,49732
23075,41163
23077,45779
23079,61548
23085,44653
23087,68311
23089,72361
23097,57994
23103,43030
23105,69747
23113,45156
23121,68116
23124,44664
23158,66140
23159,66358
23160,65801
23161,66497
23162,58123
23163,58871
23164,54621
23165,55271
23167,41241
23525,62925
23527,72629
23533,70620
23559,68890
23561,70741
23563,70856
23566,71994
23594,71184
23606,71989
23618,71101
23659,41534
23705,71285
23707,71575
23709,65561
23711,69246
23717,62746
23719,66373
23729,43470
23731,64343
23791,60766
23950,61747
24241,71078
24242,73215
24268,68240
24270,65500
24283,40985
24305,63153
24313,46555
24314,42357
24348,73899
24395,71227
24417,70641
24427,73502
24438,72671
24443,71920
24445,64805
24471,70362
24473,69390
24475,70145
24477,68471
24478,64934
24479,63401
24486,66512
24488,67787
24490,67570
24492,70200
24493,61784
24494,54185
24495,70694
24497,69829
24499,70535
24501,59995
24503,54732
24505,53005
24507,70261
24509,69264
24511,69465
24513,69561
24515,54563
24517,58105
24519,63513
24521,56411
24523,63874
24525,42323
24527,52784
24529,49375
24531,68351
24533,70331
24535,68446
24537,56155
24539,56572
24541,61049
24562,56462
24568,57226
24571,57365
24572,57257
24595,68043
24613,69173
24624,65754
24625,65804
24632,54198
24663,68470
24688,54355
24690,55173
24692,57362
24694,73242
24696,66248
24698,74269
24700,72703
24702,74862
24764,48766
25233,55092
25235,71065
25266,73494
25530,46126
25538,49988
25544,73254
25563,69045
25565,70609
25567,67517
25569,68069
25571,68021
25588,70555
25589,71255
25590,72440
25591,70610
25592,70247
25593,71081
25594,70402
25595,73611
25596,70714
25597,70704
25598,74393
25599,71941
25600,74389
25601,73352
25602,70207
25603,71038
25604,70542
25605,73792
25606,71975
25607,70579
25608,71761
25609,72922
25610,68916
25611,70678
25612,71407
25613,71042
25614,73154
25615,70250
25616,70741
25617,74253
25618,71632
25619,73401
25620,73539
25621,71483
25622,73218
25623,69811
25624,74198
25625,73767
25707,72360
25709,70553
25711,69597
25713,68857
25715,73401
25718,70757
25719,71424
25739,71350
25810,71764
25811,71171
25812,71645
25861,72204
25862,52755
25863,72076
25887,70769
25888,70579
25890,51340
25892,49003
25894,72138
25896,71301
25898,53582
25906,48115
25920,53007
25948,73567
25950,48634
25954,63973
25956,70276
26020,61188
26026,45302
26028,42181
26030,57925
26046,53562
26048,53422
26068,42754
26072,58048
26076,69979
26082,66875
26084,65867
26088,72928
26252,70878
26253,71445
26254,70457
26255,71139
26256,70613
26257,71054
26258,70051
26259,70579
26260,71185
26261,71875
26302,53536
26374,72700
26430,42373
26436,69070
26442,63644
26448,56706
26450,42163
26762,46844
26912,60981
26913,69530
26914,67994
26929,71548
26931,71995
27081,41921
27127,70155
27143,68358
27174,41320
27186,43193
27188,52913
27195,49457
27196,41026
27260,55779
27315,71585
27321,71860
27327,71372
27333,71673
27339,72058
27345,71826
27351,71444
27353,43233
27359,71685
27361,72067
27371,72263
27377,65968
27381,72185
27387,72453
27395,70642
27401,67558
27405,66798
27413,70948
27419,67924
27423,69749
27429,68304
27435,70633
27441,72496
27447,70875
27453,70605
27902,70735
27906,55300
27911,47125
27912,62656
27914,72262
27916,61575
27918,65540
27920,56960
28073,71602
28164,72488
28201,42533
28209,70654
28211,73232
28213,72308
28215,73203
28262,59711
28266,43660
28270,67985
28272,58196
28274,69062
28276,65381
28286,66024
28294,58226
28302,68040
28328,43531
28332,54931
28334,66370
28336,67251
28361,68369
28362,68723
28363,67811
28364,66134
28421,50925
28422,44967
28423,46900
28427,51879
28428,50352
28429,47401
28430,59719
28431,54408
28432,54115
28438,47956
28576,72902
28578,71974
28585,41036
28606,70630
28609,66453
28615,68376
28646,68776
28654,54361
28656,66853
28665,63509
28667,70470
28668,74268
28670,46746
28672,42577
28674,53771
28676,51304
28700,57008
28710,49565
28756,74311
28758,74889
28879,71154
28880,71097
28999,71355
29001,71114
29003,58392
29005,70657
29007,70312
29009,71405
29011,71716
29013,70881
29015,71200
29029,59045
29248,71945
29336,68228
29637,67712
29668,77472
29969,44848
29970,69927
29971,59584
29974,60697
29975,54001
29980,41376
29981,56854
29984,74586
29986,57650
29988,65577
29990,70922
30013,72202
30018,69949
30019,69866
30021,72312
30022,70616
30024,69818
30028,72032
30048,59959
30050,70436
30052,58506
30056,52354
30062,41196
30066,57771
30068,43362
30072,55260
30078,43530
30090,70620
30092,66266
30098,55266
30102,44058
30106,49666
30110,55954
30112,55072
30119,45994
30120,41743
30122,69945
30125,69711
30128,43486
30130,56690
30132,49093
30133,55257
30135,62126
30141,69532
30143,66998
30149,55954
30159,58167
30161,46485
30163,54545
30173,43326
30248,70218
30251,69512
30252,69098
30254,70449
30258,69805
30259,74096
30268,67403
30269,69114
30270,68329
30271,68435
30328,65510
30342,56455
30370,66983
30371,60342
30372,61462
30373,63690
30374,63122
30375,56060
30376,65837
30377,49904
30378,49252
30420,58223
30422,66091
30424,60226
30486,73437
30488,73461
30532,62381
30536,62018
30537,62389
30538,60622
30539,61832
30540,64192
30541,63605
30542,69614
30543,66992
30544,69808
30545,65745
30546,63452
30547,66787
30548,69136
30549,69538
30550,63988
30551,66291
30552,69483
30553,64500
30554,66614
30650,63717
30651,69846
30652,67854
30653,69047
30744,73407
30745,73393
30746,74324
30747,73930
30832,73228
30834,72819
30836,72520
30839,64154
30987,72791
30997,62952
30999,64176
31009,72716
31011,73757
31015,70956
31017,71037
31021,71410
31023,70304
31027,48024
31029,43450
31033,71563
31035,69618
31039,53848
31041,49231
31045,72512
31047,73411
31051,72753
31053,71529
31055,74022
31057,70539
31059,74733
31063,71449
31065,72586
31069,50344
31071,52006
31073,59146
31083,69943
31085,70213
31105,72505
31107,69646
31111,68184
31117,70437
31119,73731
31125,73167
31129,52169
31153,72550
31155,72598
31159,72408
31161,72594
31165,72814
31167,69241
31171,69800
31173,60684
31177,72708
31179,73142
31183,72586
31185,62813
31201,72250
31207,61204
31213,71784
31215,62547
31220,70685
31226,63371
31238,71230
31244,43730
31262,43835
31274,70901
31276,59309
31280,48701
31286,65657
31288,60355
31298,63056
31300,49625
31310,44949
31322,71380
31324,60478
31328,48020
31358,73128
31360,73832
31364,73476
31366,73312
31370,72768
31372,73688
31374,42244
31376,71396
31378,74698
31382,57734
31384,45999
31394,57821
31406,71953
31408,70818
31412,47045
31414,43484
31442,68944
31444,45994
31454,69900
31456,58930
31478,69650
31480,48338
31484,64185
31486,49210
31490,51870
31526,70966
31528,58617
31532,47712
31538,71052
31540,63974
31562,62133
31574,43279
31586,72397
31588,67767
31592,55650
31598,71923
31600,64519
31604,65664
31606,48528
31608,70354
31610,54345
31614,55584
31620,72568
31622,70794
31626,65945
31632,63985
31634,48251
31644,71344
31646,57615
31650,60108
31656,70509
31658,59335
31668,71555
31670,70162
31674,66066
31680,71565
31682,71165
31686,58131
31692,67911
31694,44013
31704,70392
31706,61926
31716,71972
31718,72671
31722,73447
31724,73620
31728,66829
31730,66478
31736,61850
31740,70125
31742,70085
31746,59332
31748,65480
31752,71841
31754,72366
31758,70467
31760,71045
31764,50074
31766,52109
31788,73135
31790,74417
31791,44826
31794,73509
31796,74875
31800,70049
31802,73681
31810,55830
31812,72458
31816,47155
31818,49473
31864,53581
31866,56400
31868,67572
31870,63670
31874,60238
31876,54034
31878,65727
31880,72050
31882,73017
31884,73508
31886,71446
31888,71220
31890,70102
31892,70754
31894,71790
31900,64224
31924,50088
31926,52873
31928,72036
31930,65451
31932,72681
31936,71326
31942,56869
31944,70070
31952,45159
31982,71593
31990,70978
31998,72314
32006,73253
32014,73745
32025,55316
32027,48204
32033,43526
32035,49727
32041,49389
32043,58256
32057,49276
32059,46891
32083,57433
32099,70676
32311,59930
32435,44373
32459,64611
32772,72612
32774,70950
32780,72355
32787,72011
32797,70936
32819,72244
32858,46235
32872,73151
32874,70621
32876,72223
32878,73144
32879,57304
32880,72721
32881,51522
32918,70148
32999,71505
33000,71298
33001,71829
33002,71142
33003,67041
33005,41645
33007,59556
33009,48719
33011,57013
33076,73687
33078,73149
33091,71357
33092,71581
33093,71788
33094,71468
33095,71576
33096,72009
33097,72590
33098,73103
33101,72158
33103,69570
33138,61625
33139,61934
33140,69100
33141,58198
33149,42197
33151,42837
33153,53200
33157,73443
33176,71569
33178,71720
33180,72294
33195,70682
33197,49264
33199,59613
33201,66615
33270,68459
33330,68136
33332,72750
33334,54345
33359,63146
33360,45040
33361,65777
33362,52477
33393,72731
33394,72695
33399,71848
33400,70691
33407,66902
33440,70765
33441,69040
33442,67948
33450,71889
33466,68854
33467,69742
33468,74919
33470,75176
33474,73869
33475,73929
33513,67581
33517,42601
33539,69386
33569,58566
33571,60103
33572,61756
33573,60190
33577,72407
33618,49826
33681,74755
33697,72615
33699,71990
33700,48983
33706,54885
33816,71804
33818,64980
33820,42850
33822,56306
33824,71884
33844,54872
33856,72066
33890,72670
33892,73100
33894,70932
33896,57061
33898,49417
33915,71489
33981,62700
33983,53087
34035,41275
34042,44211
34162,51741
34175,51394
34201,72850
34202,73432
34203,73277
34204,73265
34205,72798
34206,73132
34207,71549
34208,71047
34268,57359
34306,54707
34317,73290
34327,62960
34390,70602
34393,46279
34394,43782
34419,43428
34429,42333
34496,66720
34533,72705
34562,74749
34575,58795
34590,67517
34593,52039
34828,66890
35656,65633
35657,66531
35658,65863
35659,66494
35660,65283
35661,67058
35662,66975
35680,66542
35683,60197
35685,59905
35770,54791
35771,60789
35774,57811
35788,55575
35789,55058
35790,60930
35794,59123
35795,59127
